coin_marketcap,coin_name,coin_position,coin_price,coin_supply,coin_volume,year
"$3,104,259,465","BTC
Bitcoin",1,$220.26,"14,093,896","$19,059,889",2015
"$256,298,056","XRP
Ripple",2,$0.008032,"31,908,551,587
*","$181,583",2015
"$52,257,619","LTC
Litecoin",3,$1.36,"38,487,582","$1,050,922",2015
"$15,885,199","DASH
Dash",4,$2.99,"5,314,298","$62,975",2015
"$12,673,973","XLM
Stellar",5,$0.002630,"4,818,694,825
*","$4,945",2015
"$10,836,380","BTS
BitShares",6,$0.004326,"2,504,975,101
*","$33,760",2015
"$9,971,697","DOGE
Dogecoin",7,$0.000101,"99,165,204,840","$57,696",2015
"$9,931,416","MAID
MaidSafeCoin",8,$0.021945,"452,552,412
*","$8,116",2015
"$9,332,230","NXT
Nxt",9,$0.009332,"999,997,096
*","$17,963",2015
"$6,751,096","BANX
Banx",10,$1.34,"5,023,577
*","$12,164",2015
"$4,999,411","PPC
Peercoin",11,$0.224611,"22,258,129","$10,509",2015
"$4,088,064","XMR
Monero",12,$0.554902,"7,367,187","$72,930",2015
"$3,995,010","BCN
Bytecoin",13,$0.000023,"172,196,804,366","$6,315",2015
"$3,611,029","NMC
Namecoin",14,$0.316657,"11,403,589","$3,225",2015
"$2,909,413","YBC
YbCoin",15,$0.969804,"3,000,000
*","$50,268",2015
"$2,406,965","XPY
PayCoin",16,$0.154006,"15,629,005","$12,848",2015
"$2,255,240","XCP
Counterparty",17,$0.852205,"2,646,359
*","$1,137",2015
"$2,072,696","NSR
NuShares",18,$0.002538,"816,591,451
*","$1,533",2015
"$1,774,878","MONA
MonaCoin",19,$0.093334,"19,016,514","$6,872",2015
"$1,770,156","UNITY
SuperNET",20,$2.17,"816,061
*","$1,132",2015
"$1,669,338","ARCH
ARCHcoin",21,$0.102206,"16,333,046
*","$38,603",2015
"$1,593,136","USNBT
NuBits",22,$0.981480,"1,623,198
*","$3,191",2015
"$1,505,740","SWARM
Swarm",23,$0.015066,"99,945,431
*",$777,2015
"$1,196,889","XEM
NEM",24,$0.000133,"8,999,999,999
*","$2,822",2015
"$1,081,401","XUSD
CoinoUSD",25,$0.915711,"1,180,942
*",$558,2015
"$1,080,578","DEX
InstantDEX",26,$1.08,"1,000,000

*",$558,2015
"$1,077,374","BLK
BlackCoin",27,$0.014391,"74,866,874
*","$5,237",2015
"$1,066,625","BTCD
BitcoinDark",28,$0.878273,"1,214,457",$736,2015
"$1,050,961","GEMZ
GetGems",29,$0.011924,"88,135,217
*",Low Vol,2015
"$1,050,307","NOTE
DNotes",30,$0.010645,"98,669,944","$1,245",2015
"$989,006","FAIR
FairCoin",31,$0.019146,"51,657,163
*",Low Vol,2015
"$855,581","ETC
Ethercoin",32,$0.855581,"1,000,000
*",Low Vol,2015
"$849,708","CLAM
Clams",33,$1.30,"651,669
*","$14,042",2015
"$808,933","CELL
SolarFarm",34,$0.009208,"87,850,753
*",Low Vol,2015
"$796,005","OMNI
Omni",35,$1.48,"539,476
*",Low Vol,2015
"$722,629","RBT
Rimbit",36,$0.006436,"112,274,546
*",Low Vol,2015
"$716,310","START
Startcoin",37,$0.031832,"22,503,118","$6,792",2015
"$634,518","SJCX
Storjcoin X",38,$0.015303,"41,464,404
*",Low Vol,2015
"$613,732","SDC
ShadowCash",39,$0.094821,"6,472,542
*","$10,179",2015
"$559,933","BALLS
Snowballs",40,$0.000002,"254,158,454,494
*",Low Vol,2015
"$513,274","NXTV
NXTventure",41,$0.513274,"1,000,000
*",Low Vol,2015
"$482,238","DGB
DigiByte",42,$0.000119,"4,047,269,639","$2,804",2015
"$467,768","UNO
Unobtanium",43,$2.40,"194,698",Low Vol,2015
"$458,728","BLOCK
Blocknet",44,$0.045797,"10,016,642
*",Low Vol,2015
"$449,983","FC2
FuelCoin",45,$0.004491,"100,206,032",Low Vol,2015
"$440,935","VRC
VeriCoin",46,$0.016291,"27,065,516","$1,723",2015
"$439,108","NVC
Novacoin",47,$0.424952,"1,033,311","$1,582",2015
"$438,792","XTC
TileCoin",48,$0.004388,"100,000,000
*",$624,2015
"$401,734","XDN
DigitalNote",49,$0.000059,"6,838,281,279","$4,458",2015
"$371,570","RDD
ReddCoin",50,$0.000013,"27,554,650,825
*",Low Vol,2015
"$333,805","SKYNET
SkyNET",51,$0.373290,"894,223
*",Low Vol,2015
"$310,286","SYS
Syscoin",52,$0.000758,"409,159,754","$10,916",2015
"$297,339","IFC
Infinitecoin",53,$0.000003,"90,596,261,758",Low Vol,2015
"$292,328","FTC
Feathercoin",54,$0.004018,"72,761,280","$8,248",2015
"$291,403","IXC
Ixcoin",55,$0.013876,"20,999,906
*",Low Vol,2015
"$285,072","JLH
jl777hodl",56,$0.028507,"10,000,000
*",$621,2015
"$283,576","XCR
Crypti",57,$0.002836,"100,000,000
*",$695,2015
"$282,767","JINN
Jinn",58,$2.83,"100,000
*",Low Vol,2015
"$271,414","WDC
WorldCoin",59,$0.003479,"78,016,537","$1,765",2015
"$258,588","CANN
CannabisCoin",60,$0.003390,"76,280,243","$5,333",2015
"$251,600","USDT
Tether",61,$1.00,"251,600
*",Low Vol,2015
"$247,796","GRC
GridCoin",62,$0.000692,"358,312,100","$1,675",2015
"$231,486","CLOAK
CloakCoin",63,$0.050628,"4,572,339
*","$3,359",2015
"$228,689","CRAVE
Crave",64,$0.423790,"539,628
*","$9,797",2015
"$225,864","LQD
LIQUID",65,$2.32,"97,518
*",Low Vol,2015
"$220,043","NLG
Gulden",66,$0.000967,"227,509,601",Low Vol,2015
"$217,834","QRK
Quark",67,$0.000875,"248,881,434",Low Vol,2015
"$214,601","NAV
NavCoin",68,$0.003686,"58,220,355
*","$1,178",2015
"$210,783","BURST
Burst",69,$0.000275,"765,170,308",Low Vol,2015
"$208,982","XBS
BitStake",70,$0.160510,"1,301,992
*","$5,168",2015
"$201,373","MEC
Megacoin",71,$0.007080,"28,443,092","$1,058",2015
"$200,684","JAY
Jay",72,$0.202621,"990,440
*",Low Vol,2015
"$195,268","MAX
MaxCoin",73,$0.004767,"40,960,827",Low Vol,2015
"$194,176","BAY
BitBay",74,$0.000194,"1,000,742,628
*",$826,2015
"$187,527","XPM
Primecoin",75,$0.019208,"9,762,876",Low Vol,2015
"$177,392","CURE
Curecoin",76,$0.007054,"25,146,767",Low Vol,2015
"$175,891","BITUSD
bitUSD",77,$1.09,"161,978
*","$3,485",2015
"$166,178","ZEIT
Zeitcoin",78,$0.000005,"31,163,713,901",Low Vol,2015
"$164,373","XC
XCurrency",79,$0.029381,"5,594,506
*",Low Vol,2015
"$156,590","HZ
Horizon",80,$0.000230,"680,865,886
*","$3,683",2015
"$154,521","NET
NetCoin",81,$0.000388,"398,052,207",Low Vol,2015
"$153,003","SWIFT
Bitswift",82,$0.038014,"4,024,904
*",Low Vol,2015
"$150,237","POT
PotCoin",83,$0.000790,"190,230,975","$1,094",2015
"$141,211","BILS
BilShares",84,$0.000141,"1,000,000,000
*","$2,439",2015
"$135,845","SLR
SolarCoin",85,$0.004038,"33,641,300
*",Low Vol,2015
"$135,502","MRKT
FreeMarket",86,$0.188198,"720,000
*",Low Vol,2015
"$131,767","QORA
Qora",87,$0.000013,"10,000,000,000
*",Low Vol,2015
"$130,659","TRON
Positron",88,$0.092758,"1,408,608
*","$16,902",2015
"$125,120","XVC
Vcash",89,$0.017278,"7,241,554","$2,120",2015
"$122,935","URO
Uro",90,$0.117345,"1,047,632",Low Vol,2015
"$121,573","NODE
Node",91,$0.000122,"1,000,000,000
*",Low Vol,2015
"$118,146","DMD
Diamond",92,$0.114551,"1,031,377",Low Vol,2015
"$117,296","BITCNY
bitCNY",93,$0.160837,"729,287
*","$3,552",2015
"$113,474","HYPER
Hyper",94,$0.027786,"4,083,920",Low Vol,2015
"$112,759","XVG
Verge",95,$0.000014,"8,059,627,604",Low Vol,2015
"$109,336","VTC
Vertcoin",96,$0.007680,"14,235,800","$1,232",2015
"$106,665","MMNXT
MMNXT",97,$0.010548,"10,112,486
*",Low Vol,2015
"$104,813","ZRC
ZiftrCOIN",98,$0.019677,"5,326,802",Low Vol,2015
"$104,448","ZET
Zetacoin",99,$0.000644,"162,067,488",Low Vol,2015
"$103,272","AUR
Auroracoin",100,$0.039557,"2,610,714","$2,709",2015
"$102,785","SMLY
SmileyCoin",101,$0.000004,"24,811,780,694",Low Vol,2015
"$96,923","COVAL
Circuits of V...",102,$0.000242,"400,000,000
*",Low Vol,2015
"$95,009","IOC
I/O Coin",103,$0.005879,"16,160,513
*",Low Vol,2015
"$90,776","VASH
VPNCoin",104,$0.000227,"400,186,428
*","$1,050",2015
"$89,288","GLD
GoldCoin",105,$0.002588,"34,501,159",Low Vol,2015
"$87,898","UTC
UltraCoin",106,$0.002977,"29,524,936","$1,394",2015
"$87,245","APC
Applecoin",107,$0.003915,"22,286,048
*","$1,559",2015
"$86,720","VIA
Viacoin",108,$0.005787,"14,985,235",Low Vol,2015
"$86,135","UBQ
Ubiq",109,$0.025525,"3,374,531","$2,424",2015
"$84,382","DGC
Digitalcoin",110,$0.003815,"22,115,990",Low Vol,2015
"$83,454","ANC
Anoncoin",111,$0.049895,"1,672,580","$1,395",2015
"$79,716","DVC
Devcoin",112,$0.000009,"9,133,764,444",$715,2015
"$77,210","MZC
MAZA",113,$0.000110,"700,413,419",Low Vol,2015
"$74,784","FLO
FlorinCoin",114,$0.000889,"84,164,850",Low Vol,2015
"$74,168","MGW
MGW",115,$0.074168,"1,000,000
*",Low Vol,2015
"$72,209","MARYJ
MaryJane",116,$0.004705,"15,348,332
*",Low Vol,2015
"$71,054","FIBRE
Fibre",117,$0.112705,"630,448
*","$1,218",2015
"$70,224","HBN
HoboNickels",118,$0.006623,"10,602,619",Low Vol,2015
"$69,520","CACH
CacheCoin",119,$0.030137,"2,306,791","$1,798",2015
"$66,046","XST
Stealthcoin",120,$0.003027,"21,818,054",Low Vol,2015
"$65,896","AC
AsiaCoin",121,$0.000251,"262,022,401",Low Vol,2015
"$64,909","BBR
Boolberry",122,$0.017066,"3,803,503",Low Vol,2015
"$61,020","MOON
Mooncoin",123,$3e-07,"202,141,329,251",Low Vol,2015
"$60,892","BOST
BoostCoin",124,$0.005174,"11,768,312",Low Vol,2015
"$60,187","HTML5
HTML5COIN",125,$0.000001,"40,659,020,000",Low Vol,2015
"$58,987","XAI
Sapience AIFX",126,$0.087420,"674,757
*",$509,2015
"$58,351","OPAL
Opal",127,$0.003883,"15,028,788
*",Low Vol,2015
"$53,051","RBY
Rubycoin",128,$0.002403,"22,078,467
*","$1,179",2015
"$52,808","SPR
SpreadCoin",129,$0.026596,"1,985,545","$2,250",2015
"$52,634","NAUT
NautilusCoin",130,$0.009900,"5,316,432
*",Low Vol,2015
"$52,572","BLITZ
Blitzcash",131,$0.014097,"3,729,346
*",Low Vol,2015
"$51,541","USDE
USDe",132,$0.000047,"1,097,750,322",Low Vol,2015
"$51,141","TEK
TEKcoin",133,$0.007299,"7,006,333",Low Vol,2015
"$50,756","BITS
Bitstar",134,$0.002841,"17,865,905",Low Vol,2015
"$50,480","FRC
Freicoin",135,$0.001098,"45,962,594",Low Vol,2015
"$48,230","FLT
FlutterCoin",136,$0.000189,"254,998,365",Low Vol,2015
"$46,654","XWC
WhiteCoin",137,$0.000153,"305,109,974
*",Low Vol,2015
"$46,551","HYP
HyperStake",138,$0.000260,"179,115,719
*",Low Vol,2015
"$45,628","BLU
BlueCoin",139,$0.000081,"562,141,050",Low Vol,2015
"$44,062","NAS
Nas",140,$0.000004,"10,000,000,000
*",Low Vol,2015
"$44,000","EAC
EarthCoin",141,$0.000006,"7,317,011,670",Low Vol,2015
"$43,698","FLAP
FlappyCoin",142,$6.3e-07,"69,864,678,452",Low Vol,2015
"$42,017","UNB
UnbreakableCoin",143,$0.018797,"2,235,282","$1,998",2015
"$41,609","XMY
Myriad",144,$0.000042,"997,666,500",Low Vol,2015
"$39,649","UNC
UnionCoin",145,$0.004727,"8,388,608",Low Vol,2015
"$39,538","NOBL
NobleCoin",146,$0.000018,"2,229,162,603",Low Vol,2015
"$39,537","AM
AeroMe",147,$0.003282,"12,048,230
*",Low Vol,2015
"$38,657","KARMA
Karmacoin",148,$5.8e-07,"66,154,442,190",Low Vol,2015
"$36,811","TIX
Tickets",149,$5.5e-07,"66,876,281,414",Low Vol,2015
"$36,423","RIN
Ringo",150,$0.000372,"97,923,126",Low Vol,2015
"$36,228","CBX
Bullion",151,$0.037761,"959,394",Low Vol,2015
"$33,885","C2
Coin2.1",152,$0.000339,"99,976,323

*",Low Vol,2015
"$33,429","XMG
Magi",153,$0.014956,"2,235,073",Low Vol,2015
"$32,733","ZCC
ZcCoin",154,$0.001886,"17,352,849",Low Vol,2015
"$31,728","PINK
PinkCoin",155,$0.000087,"364,520,117",Low Vol,2015
"$30,997","LTBC
LTBcoin",156,$0.000105,"293,835,416
*",Low Vol,2015
"$30,971","CCN
CannaCoin",157,$0.006678,"4,637,829",Low Vol,2015
"$30,582","ABY
ArtByte",158,$0.000067,"456,738,650",Low Vol,2015
"$29,494","GAME
GameCredits",159,$0.000609,"48,452,787",Low Vol,2015
"$28,959","NOXT
NobleNXT",160,$0.052516,"551,428
*",Low Vol,2015
"$28,298","JPC
JackpotCoin",161,$0.000005,"5,698,682,708",Low Vol,2015
"$27,948","LXC
Librexcoin",162,$0.002864,"9,758,430",Low Vol,2015
"$27,256","AMBER
AmberCoin",163,$0.006993,"3,897,621",Low Vol,2015
"$27,193","EFL
e-Gulden",164,$0.005082,"5,351,088",Low Vol,2015
"$26,962","GEO
GeoCoin",165,$0.021537,"1,251,906",Low Vol,2015
"$26,913","PLUGIN
NxtPlugins",166,$0.053826,"500,000
*",Low Vol,2015
"$26,706","TIPS
FedoraCoin",167,$9.5e-08,"280,846,322,360",Low Vol,2015
"$26,370","BYC
Bytecent",168,$0.055852,"472,139","$4,257",2015
"$26,032","TRC
Terracoin",169,$0.002564,"10,152,770",Low Vol,2015
"$24,998","RIC
Riecoin",170,$0.001998,"12,509,356",Low Vol,2015
"$23,499","CASH
Cashcoin",171,$0.005162,"4,551,861",Low Vol,2015
"$23,284","CRYPT
CryptCoin",172,$0.003868,"6,019,065",Low Vol,2015
"$23,115","TAG
TagCoin",173,$0.007673,"3,012,464",Low Vol,2015
"$22,289","MED
Mediterranean...",174,$0.000631,"35,337,614",Low Vol,2015
"$22,175","GLC
GlobalCoin",175,$0.000358,"62,016,857",$672,2015
"$21,824","BTM
Bitmark",176,$0.023374,"933,683",$582,2015
"$21,671","NEOS
NeosCoin",177,$0.004376,"4,952,044",Low Vol,2015
"$21,491","8BIT
8Bit",178,$0.211319,"101,697
*","$2,305",2015
"$21,434","SUPER
SuperCoin",179,$0.000811,"26,440,795",Low Vol,2015
"$20,952","ELT
Electron",180,$0.002203,"9,510,108",Low Vol,2015
"$20,903","OMC
Omnicoin",181,$0.002239,"9,335,409",Low Vol,2015
"$20,900","EMC2
Einsteinium",182,$0.000119,"175,943,618",Low Vol,2015
"$20,343","EKN
Elektron",183,$0.007722,"2,634,568
*","$18,258",2015
"$20,082","ORB
Orbitcoin",184,$0.010123,"1,983,721",Low Vol,2015
"$19,787","OC
OrangeCoin",185,$0.000362,"54,682,055
*",Low Vol,2015
"$19,739","TROLL
Trollcoin",186,$0.000004,"4,842,171,441",Low Vol,2015
"$19,619","PTC
Pesetacoin",187,$0.000175,"112,149,322",Low Vol,2015
"$19,462","CESC
CryptoEscudo",188,$0.000159,"122,693,974",Low Vol,2015
"$18,633","CSC
CasinoCoin",189,$0.000589,"31,658,158
*",Low Vol,2015
"$18,603","SXC
Sexcoin",190,$0.000199,"93,682,501",Low Vol,2015
"$18,560","CYP
Cypher",191,$0.002931,"6,332,653
*","$1,408",2015
"$18,488","MTR
MasterTraderCoin",192,$0.154402,"119,737
*",Low Vol,2015
"$18,373","J
Joincoin",193,$0.011411,"1,610,159",Low Vol,2015
"$17,411","BITB
Bean Cash",194,$0.000025,"704,366,688
*",Low Vol,2015
"$17,287","FST
Fastcoin",195,$0.000149,"116,210,345",Low Vol,2015
"$17,008","NTRN
Neutron",196,$0.012225,"1,391,236
*","$2,237",2015
"$16,709","ARI
Aricoin",197,$0.000122,"137,187,257",Low Vol,2015
"$16,551","SMAC
SMAC",198,$0.025330,"653,432
*",Low Vol,2015
"$16,360","SRC
SecureCoin",199,$0.007211,"2,268,625",Low Vol,2015
"$16,356","DIME
Dimecoin",200,$5.5e-08,"299,580,260,352",Low Vol,2015
"$16,323","MWC
MultiWalletCoin",201,$0.000599,"27,254,738
*",Low Vol,2015
"$16,148","QTL
Quatloo",202,$0.004098,"3,940,745",Low Vol,2015
"$15,970","QBK
Qibuck",203,$0.031216,"511,582
*",Low Vol,2015
"$15,078","XBC
Bitcoin Plus",204,$0.264399,"57,027
*",Low Vol,2015
"$14,950","SSD
Sonic",205,$0.000683,"21,889,838
*",Low Vol,2015
"$14,486","MMXIV
Maieuticoin",206,$0.018593,"779,115",Low Vol,2015
"$14,432","LTCD
LitecoinDark",207,$0.000183,"78,893,980",Low Vol,2015
"$14,293","BITBTC
bitBTC",208,$237.93,"60.071126
*",$578,2015
"$13,964","BITGOLD
bitGold",209,$1162.38,"12.013167
*","$1,389",2015
"$13,368","XPD
PetroDollar",210,$0.000218,"61,290,025",Low Vol,2015
"$13,359","SIGU
Singular",211,$0.019107,"699,138
*","$1,760",2015
"$13,208","YAC
Yacoin",212,$0.000283,"46,651,872",Low Vol,2015
"$13,050","LDOGE
LiteDoge",213,$0.000005,"2,771,531,687
*",Low Vol,2015
"$12,691","GLIDE
GlideSEC",214,$0.003122,"4,065,069
*",Low Vol,2015
"$12,433","TTC
TittieCoin",215,$0.000010,"1,236,102,011",Low Vol,2015
"$12,325","BQC
BBQCoin",216,$0.000296,"41,591,102",Low Vol,2015
"$11,969","BLC
Blakecoin",217,$0.001902,"6,291,911",Low Vol,2015
"$11,847","XSI
StabilityShares",218,$0.001607,"7,372,511",Low Vol,2015
"$11,707","KORE
Kore",219,$0.006609,"1,771,342
*",Low Vol,2015
"$11,624","XQN
Quotient",220,$0.001116,"10,411,743
*",Low Vol,2015
"$11,622","HAM
HamRadioCoin",221,$0.002964,"3,921,478",Low Vol,2015
"$11,336","DSH
Dashcoin",222,$1.1e-07,"101,516,461,491",Low Vol,2015
"$11,329","METAL
MetalCoin",223,$0.000147,"76,925,527
*",Low Vol,2015
"$10,991","MUE
MonetaryUnit",224,$0.000199,"55,264,584",Low Vol,2015
"$10,495","ENRG
Energycoin",225,$0.000092,"114,625,829",Low Vol,2015
"$10,172","WBB
Wild Beast Block",226,$0.083070,"122,447",$607,2015
"$10,029","GAIA
GAIA",227,$0.000416,"24,101,381
*",Low Vol,2015
"$9,824","XLB
Libertycoin",228,$0.000595,"16,512,528
*",Low Vol,2015
"$9,463","FRSH
FreshCoin",229,$0.001438,"6,578,930",Low Vol,2015
"$9,457","NKA
IncaKoin",230,$0.000010,"986,778,262",Low Vol,2015
"$9,385","MNE
Munne",231,$0.001953,"4,806,644
*",Low Vol,2015
"$9,266","UFO
Uniform Fisca...",232,$0.000004,"2,102,968,154",Low Vol,2015
"$9,261","LOG
Woodcoin",233,$0.001294,"7,158,405",Low Vol,2015
"$9,193","BSTY
GlobalBoost-Y",234,$0.001370,"6,708,846",$847,2015
"$9,167","NKT
Nakamoto Dark",235,$0.000104,"88,370,709",Low Vol,2015
"$9,115","SMBR
Sembro Token",236,$0.003646,"2,499,981
*",Low Vol,2015
"$8,980","EXCL
ExclusiveCoin",237,$0.000839,"10,707,166",Low Vol,2015
"$8,957","GDC
GrandCoin",238,$0.000022,"406,548,474",Low Vol,2015
"$8,773","XCN
Cryptonite",239,$0.000095,"92,477,863",Low Vol,2015
"$8,275","BITSILVER
bitSilver",240,$15.40,"537
*",$564,2015
"$8,234","CLR
Copperlark",241,$0.000713,"11,547,249",Low Vol,2015
"$8,175","CRW
Crown",242,$0.002112,"3,870,328",Low Vol,2015
"$8,055","CON
PayCon",243,$0.001375,"5,858,584
*",Low Vol,2015
"$8,039","KUMA
Kumacoin",244,$0.000044,"182,512,440",Low Vol,2015
"$8,022","LOT
LottoCoin",245,$5.5e-07,"14,491,014,421",Low Vol,2015
"$7,804","WETK
WeedTokens",246,$0.000779,"10,013,598",Low Vol,2015
"$7,669","SPA
SpainCoin",247,$0.000306,"25,034,211",Low Vol,2015
"$7,642","QSLV
Quicksilver",248,$0.002203,"3,468,854
*",Low Vol,2015
"$7,537","XDQ
Dirac",249,$0.016678,"451,885",Low Vol,2015
"$7,430","ACOIN
Acoin",250,$0.008067,"921,031",Low Vol,2015
"$7,304","EMD
Emerald Crypto",251,$0.000566,"12,896,892",Low Vol,2015
"$7,247","FRK
Franko",252,$0.020706,"350,000",Low Vol,2015
"$6,709","LGD
LegendaryCoin",253,$0.001349,"4,974,612",Low Vol,2015
"$6,663","CXC
CheckOutCoin",254,$0.001322,"5,041,397
*",Low Vol,2015
"$6,628","CIN
Cinder",255,$0.000058,"114,180,804
*",Low Vol,2015
"$6,596","TIT
Titcoin",256,$0.000283,"23,279,587",Low Vol,2015
"$6,514","KTK
Kryptkoin",257,$0.000375,"17,354,532",Low Vol,2015
"$6,285","COV
Coven",258,$0.187036,"33,605
*",$714,2015
"$6,211","GCN
GCN Coin",259,$8.1e-08,"77,128,989,167",Low Vol,2015
"$6,172","OK
OKCash",260,$0.000140,"44,129,520
*",Low Vol,2015
"$5,914","ASC
AsicCoin",261,$0.000011,"538,053,251",Low Vol,2015
"$5,864","U
UCoin",262,$0.002210,"2,652,987
*",Low Vol,2015
"$5,533","UTIL
UtilityCoin",263,$0.001479,"3,741,361
*",Low Vol,2015
"$5,139","GIVE
GiveCoin",264,$0.000023,"220,740,000",Low Vol,2015
"$5,053","MNC
Mincoin",265,$0.002935,"1,721,350",Low Vol,2015
"$4,857","CC
CyberCoin",266,$0.000012,"404,810,605
*",Low Vol,2015
"$4,813","JUDGE
Judgecoin",267,$0.000413,"11,651,765",Low Vol,2015
"$4,591","BTG
Bitgem",268,$0.134740,"34,075",Low Vol,2015
"$4,166","SOON
SoonCoin",269,$0.000399,"10,448,189
*",Low Vol,2015
"$3,878","TRK
Truckcoin",270,$0.000167,"23,160,627
*",Low Vol,2015
"$3,812","RPC
RonPaulCoin",271,$0.015487,"246,148",Low Vol,2015
"$3,724","BVC
BeaverCoin",272,$0.001474,"2,527,165",Low Vol,2015
"$3,717","HAL
Halcyon",273,$0.002286,"1,626,446",Low Vol,2015
"$3,603","HLC
HellasCoin",274,$0.000302,"11,938,050",Low Vol,2015
"$3,551","LSD
Lightspeed",275,$0.004624,"767,911",Low Vol,2015
"$3,423","HRNXT
HRNXTPool",276,$0.034235,"100,000
*",Low Vol,2015
"$3,319","STV
Sativacoin",277,$0.000473,"7,014,748",Low Vol,2015
"$2,966","BTCRY
BitCrystal",278,$0.000013,"221,161,074",Low Vol,2015
"$2,927","LYC
Lycancoin",279,$0.000011,"257,833,791",Low Vol,2015
"$2,911","ARG
Argentum",280,$0.001978,"1,471,853",Low Vol,2015
"$2,911","BUN
BunnyCoin",281,$3.1e-08,"93,611,308,248",Low Vol,2015
"$2,864","TRI
Triangles",282,$0.057875,"49,493",Low Vol,2015
"$2,705","ABC2
Abundance2",283,$0.003909,"692,087
*",Low Vol,2015
"$2,688","GSM
GSMcoin",284,$0.001475,"1,822,143
*",Low Vol,2015
"$2,622","GAP
Gapcoin",285,$0.001218,"2,152,468",Low Vol,2015
"$2,613","BITZ
Bitz",286,$0.001353,"1,931,210",Low Vol,2015
"$2,516","BCF
Bitcoin Fast",287,$0.001998,"1,258,973",Low Vol,2015
"$2,433","GHC
GamerholicCoin",288,$0.003118,"780,330",Low Vol,2015
"$2,046","ASN
Ascension",289,$0.000111,"18,498,708
*",Low Vol,2015
"$1,984","ROOT
RootCoin",290,$0.001034,"1,919,885",Low Vol,2015
"$1,892","ULTC
Umbrella-LTC",291,$0.002786,"678,880",Low Vol,2015
"$1,488","LUX
BitLux",292,$0.013066,"113,893
*",$594,2015
"$1,468","GIZ
GIZMOcoin",293,$0.000019,"75,846,491",Low Vol,2015
"$1,436","CF
Californium",294,$0.014341,"100,138",Low Vol,2015
"$1,414","ANAL
AnalCoin",295,$0.009691,"145,956
*",Low Vol,2015
"$1,158","AXR
Axron",296,$0.001077,"1,075,900
*",Low Vol,2015
"$1,156","P7C
P7Coin",297,$0.000117,"9,878,242",Low Vol,2015
"$1,123","TAK
TakCoin",298,$0.000007,"169,950,240",Low Vol,2015
$905,"CAM
CamorraCoin",299,$0.000264,"3,422,426",Low Vol,2015
$886,"42
42-coin",300,$965.76,0.9178677,Low Vol,2015
$806,"UIS
Unitus",301,$0.000076,"10,625,832",Low Vol,2015
$780,"CRT
CRTCoin",302,$0.009845,"79,270",Low Vol,2015
$750,"PXI
Prime-XI",303,$0.000166,"4,512,799",Low Vol,2015
$749,"CHILD
X-Children",304,$0.000387,"1,933,773",Low Vol,2015
$706,"BAT
BatCoin",305,$1.1e-07,"6,481,010,000",Low Vol,2015
$475,"EAGS
EagsCurrency",306,$0.000195,"2,439,254
*",Low Vol,2015
$463,"SEED
SeedCoin",307,$0.000148,"3,116,959",Low Vol,2015
$429,"LMR
LemurCoin",308,$0.004292,"100,000",Low Vol,2015
$394,"PURA
Pura",309,$0.000022,"17,896,440",Low Vol,2015
$28,"HZT
HazMatCoin",310,$0.000038,"750,916",Low Vol,2015
"$468,176","PANGEA
Pangea Poker",311,$0.468479,"999,352
*",Low Vol,2015
"$325,714","SF0
sharkfund0",312,$247.90,"1,314
*",Low Vol,2015
"$324,239","NXTcoinsco
Tradebots",313,$0.326722,"992,400
*",Low Vol,2015
"$298,129","10K
Experiment 10k",314,$0.000002,"135,349,518,072
*",Low Vol,2015
"$252,911","MINT
Mintcoin",315,$0.000012,"21,026,399,993
*",Low Vol,2015
"$210,612","I0C
I0Coin",316,$0.010134,"20,782,342",Low Vol,2015
"$164,534","NXTprivacy
NXTprivacy",317,$0.164534,"1,000,000
*",Low Vol,2015
"$145,536","PTS
BitShares PTS",318,$0.000146,"999,999,386
*",Low Vol,2015
"$140,834","CNMT
Coinomat",319,$0.046945,"3,000,000
*",Low Vol,2015
"$140,373","CINNI
Cinni",320,$0.000961,"146,040,423
*",Low Vol,2015
"$132,323","DICE
NeoDICE",321,$0.132323,"1,000,000
*",Low Vol,2015
"$119,546","ATOMIC
ATOMIC",322,$0.195977,"610,000
*",Low Vol,2015
"$105,366","DEM
Deutsche eMark",323,$0.006337,"16,627,464",Low Vol,2015
"$91,563","UCI
UCIcoin",324,$0.022043,"4,153,845
*",Low Vol,2015
"$75,710","ECC
ECC",325,$0.000004,"18,572,556,681
*",Low Vol,2015
"$54,227","SYNC
Sync",326,$46.14,"1,175
*",Low Vol,2015
"$48,387","MTC
Marinecoin",327,$0.006627,"7,301,353",Low Vol,2015
"$44,023","XDP
Dogeparty",328,$0.016429,"2,679,521
*",Low Vol,2015
"$39,985","MRC
microCoin",329,$0.000002,"18,387,562,489
*",Low Vol,2015
"$39,766","PND
Pandacoin",330,$0.000001,"32,483,405,156",Low Vol,2015
"$34,019","NXTTY
Nxttycoin",331,$0.000034,"1,000,000,000
*",Low Vol,2015
"$29,667","CAP
Bottlecaps",332,$0.001977,"15,005,618",Low Vol,2015
"$23,535","NTR
Neutrino",333,$0.000112,"210,545,045",Low Vol,2015
"$21,479","MMC
Memorycoin",334,$0.002138,"10,047,640",Low Vol,2015
"$20,827","XCH
ClearingHouse",335,$0.000201,"103,807,697
*",Low Vol,2015
"$19,822","VTA
Virtacoin",336,$0.000002,"9,986,837,209",Low Vol,2015
"$19,315","DTC
DayTraderCoin",337,$0.017261,"1,118,989
*",Low Vol,2015
"$19,066","DARK
DarkCoin",338,$0.001467,"12,994,744",Low Vol,2015
"$18,009","TES
TeslaCoin",339,$0.000297,"60,552,166",Low Vol,2015
"$17,207","SLG
Sterlingcoin",340,$0.004433,"3,881,156",Low Vol,2015
"$16,997","COL
Colossuscoin",341,$5.4e-08,"312,889,440,517",Low Vol,2015
"$16,746","BTCS
Bitcoin Scrypt",342,$0.001370,"12,219,628",Low Vol,2015
"$16,128","PHS
Philosopher S...",343,$0.006639,"2,429,219
*",Low Vol,2015
"$16,121","GRS
Groestlcoin",344,$0.000284,"56,826,330",Low Vol,2015
"$15,495","DOPE
DopeCoin",345,$0.000115,"135,260,025
*",Low Vol,2015
"$15,468","XWT
World Trade F...",346,$0.001712,"9,037,246",Low Vol,2015
"$15,183","TOR
TorCoin",347,$0.009969,"1,522,979

*",Low Vol,2015
"$15,012","FLDC
FoldingCoin",348,$0.000104,"144,000,000
*",Low Vol,2015
"$15,002","NYAN
Nyancoin",349,$0.000075,"199,995,489",Low Vol,2015
"$14,541","BCX
BattleCoin",350,$0.000240,"60,552,166",Low Vol,2015
"$14,356","SFR
SaffronCoin",351,$0.000704,"20,386,026",Low Vol,2015
"$13,750","MIN
Mineralscoin",352,$0.000507,"27,134,899
*",Low Vol,2015
"$12,921","RZR
Razor",353,$0.006461,"1,999,895",Low Vol,2015
"$12,555","FCN
Fantomcoin",354,$0.005948,"2,110,691",Low Vol,2015
"$11,897","COMM
CommunityCoin",355,$0.000011,"1,057,344,896
*",Low Vol,2015
"$10,940","RBBT
RabbitCoin",356,$1.1e-07,"100,715,606,023",Low Vol,2015
"$10,881","DRKC
DarkCash",357,$0.002526,"4,308,300",Low Vol,2015
"$10,852","RED
RedCoin",358,$0.000183,"59,229,990",Low Vol,2015
"$10,844","CTM
ContinuumCoin",359,$1.2e-07,"88,538,349,156",Low Vol,2015
"$9,603","LEAF
LeafCoin",360,$6.3e-07,"15,322,977,853",Low Vol,2015
"$9,436","ICB
IcebergCoin",361,$0.002093,"4,507,484",Low Vol,2015
"$9,219","VOOT
VootCoin",362,$0.000133,"69,280,656",Low Vol,2015
"$9,169","COOL
CoolCoin",363,$0.000088,"104,047,705
*",Low Vol,2015
"$9,052","LKY
Luckycoin",364,$0.000476,"19,025,879",Low Vol,2015
"$8,890","ELC
Elacoin",365,$0.018517,"480,087",Low Vol,2015
"$8,748","EXC
Extremecoin",366,$0.002386,"3,666,777",Low Vol,2015
"$8,477","APEX
ApexCoin",367,$0.001392,"6,088,386
*",Low Vol,2015
"$8,160","CZC
CzechCrownCoin",368,$0.001985,"4,110,230",Low Vol,2015
"$7,780","HVC
Heavycoin",369,$0.000088,"88,290,328",Low Vol,2015
"$7,625","PSEUD
PseudoCash",370,$0.003481,"2,190,227
*",Low Vol,2015
"$7,601","HUC
HunterCoin",371,$0.001824,"4,168,170",Low Vol,2015
"$7,463","THC
HempCoin",372,$0.000045,"164,562,209",Low Vol,2015
"$7,455","SMC
SmartCoin",373,$0.000408,"18,292,189",Low Vol,2015
"$7,188","SILK
Silkcoin",374,$0.000165,"43,441,283",Low Vol,2015
"$6,994","KOBO
Kobocoin",375,$0.000291,"24,056,194
*",Low Vol,2015
"$6,791","XXX
XxXcoin",376,$0.000185,"36,674,856
*",Low Vol,2015
"$6,523","BTB
BitBar",377,$0.372533,"17,510",Low Vol,2015
"$6,319","WKC
WankCoin",378,$0.001542,"4,097,384",Low Vol,2015
"$5,961","SAT2
Saturn2Coin",379,$0.000758,"7,867,810",Low Vol,2015
"$5,938","CRAIG
CraigsCoin",380,$0.000198,"30,033,947
*",Low Vol,2015
"$5,893","DIEM
Diem",381,$2.7e-07,"21,668,327,131",Low Vol,2015
"$5,815","KEY
KeyCoin",382,$0.006294,"924,036
*",Low Vol,2015
"$5,766","GB
GreenBacks",383,$0.000276,"20,890,367
*",Low Vol,2015
"$5,497","PLNC
PLNcoin",384,$0.000322,"17,089,600",Low Vol,2015
"$5,493","MEOW
Kittehcoin",385,$2.3e-07,"23,797,027,505",Low Vol,2015
"$5,458","NRS
NoirShares",386,$0.002203,"2,477,481",Low Vol,2015
"$5,417","BUK
CryptoBuck",387,$0.004161,"1,301,906",Low Vol,2015
"$4,995","CKC
Checkcoin",388,$0.000301,"16,605,000",Low Vol,2015
"$4,963","BLZ
BlazeCoin",389,$0.000013,"375,434,292",Low Vol,2015
"$4,681","XJO
Joulecoin",390,$0.000255,"18,379,169",Low Vol,2015
"$4,580","POP
PopularCoin",391,$0.000001,"3,104,196,950",Low Vol,2015
"$4,499","NYC
NewYorkCoin",392,$4.6e-08,"97,307,606,333",Low Vol,2015
"$4,470","PXC
Phoenixcoin",393,$0.000147,"30,393,925",Low Vol,2015
"$4,445","CAIx
CAIx",394,$0.002747,"1,618,027
*",Low Vol,2015
"$4,058","CAT
Catcoin",395,$0.002388,"1,699,650",Low Vol,2015
"$3,887","EXE
Execoin",396,$0.000217,"17,881,067",Low Vol,2015
"$3,790","OPALTKN
OpalTKN",397,$0.000253,"15,000,000
*",Low Vol,2015
"$3,687","GLYPH
Glyph",398,$0.001608,"2,292,995",Low Vol,2015
"$3,638","KGC
Krugercoin",399,$0.000034,"108,331,675",Low Vol,2015
"$3,587","BET
BetaCoin",400,$0.000177,"20,312,864",Low Vol,2015
"$3,522","SBC
StableCoin",401,$0.000176,"19,984,482",Low Vol,2015
"$3,516","MRY
Murraycoin",402,$0.000118,"29,798,338",Low Vol,2015
"$3,476","GUE
Guerillacoin",403,$0.000771,"4,508,409
*",Low Vol,2015
"$3,298","VDO
Vidio",404,$0.000156,"21,200,446
*",Low Vol,2015
"$3,292","EVENT
EventToken",405,$0.000421,"7,824,403
*",Low Vol,2015
"$3,282","XGR
GoldReserve",406,$0.000255,"12,856,129",Low Vol,2015
"$3,239","CDN
Canada eCoin",407,$0.000043,"76,122,482",Low Vol,2015
"$3,178","ZED
Zedcoin",408,$0.000282,"11,262,360",Low Vol,2015
"$3,112","OCTO
Octo",409,$0.000154,"20,187,152
*",Low Vol,2015
"$3,070","QCN
QuazarCoin",410,$0.001542,"1,990,817",Low Vol,2015
"$2,980","SHA
SHACoin",411,$0.000008,"364,616,091",Low Vol,2015
"$2,973","SHLD
ShieldCoin",412,$0.002718,"1,093,734
*",Low Vol,2015
"$2,946","FRAC
Fractalcoin",413,$0.004006,"735,422",Low Vol,2015
"$2,832","CHASH
CleverHash",414,$0.022842,"123,995
*",Low Vol,2015
"$2,825","MLS
MozzShare",415,$0.000044,"64,125,000",Low Vol,2015
"$2,800","XBOT
SocialxBot",416,$0.001752,"1,598,080
*",Low Vol,2015
"$2,685","ALN
Aliencoin",417,$0.000109,"24,726,090",Low Vol,2015
"$2,669","FFC
FireFlyCoin",418,$0.000029,"92,727,600",Low Vol,2015
"$2,628","CRACK
CrackCoin",419,$0.000438,"6,004,132
*",Low Vol,2015
"$2,550","KDC
KlondikeCoin",420,$0.000348,"7,320,629",Low Vol,2015
"$2,534","VGC
VegasCoin",421,$0.000086,"29,487,180",Low Vol,2015
"$2,482","CAGE
CageCoin",422,$2.6e-08,"96,239,000,214",Low Vol,2015
"$2,425","GSX
GlowShares",423,$0.007149,"339,206
*",Low Vol,2015
"$2,385","GRE
Greencoin",424,$0.000004,"541,313,025
*",Low Vol,2015
"$2,324","NMB
Nimbus",425,$0.000165,"14,119,948",Low Vol,2015
"$2,321","LTB
LiteBar",426,$0.013132,"176,737",Low Vol,2015
"$2,288","SPT
Spots",427,$0.000142,"16,097,459",Low Vol,2015
"$2,239","GML
GameLeagueCoin",428,$0.000004,"500,000,000
*",Low Vol,2015
"$2,236","ICN
iCoin",429,$0.000110,"20,295,255",Low Vol,2015
"$2,194","MCN
MonetaVerde",430,$0.000185,"11,855,556",Low Vol,2015
"$2,163","MARS
Marscoin",431,$0.000146,"14,837,674",Low Vol,2015
"$2,122","RIPO
RipoffCoin",432,$0.000245,"8,678,475",Low Vol,2015
"$1,979","SOLE
Solecoin",433,$0.001546,"1,279,983
*",Low Vol,2015
"$1,952","GP
GoldPieces",434,$0.002207,"884,252
*",Low Vol,2015
"$1,683","VMC
VirtualMining...",435,$0.000018,"95,501,030",Low Vol,2015
"$1,646","JKC
Junkcoin",436,$0.000118,"13,961,400",Low Vol,2015
"$1,633","BEAR
BearMining",437,$0.000327,"5,000,000
*",Low Vol,2015
"$1,552","OSC
OpenSourcecoin",438,$0.000328,"4,740,162",Low Vol,2015
"$1,535","BSD
BitSend",439,$0.000275,"5,575,650",Low Vol,2015
"$1,512","GUN
Guncoin",440,$0.000023,"66,699,828",Low Vol,2015
"$1,483","PYC
Paycoin",441,$0.000795,"1,866,105",Low Vol,2015
"$1,483","NRB
Noirbits",442,$0.000659,"2,251,240",Low Vol,2015
"$1,473","PHO
Photon",443,$2.4e-07,"6,196,657,609",Low Vol,2015
"$1,337","BEN
Benjamins",444,$0.000551,"2,427,600",Low Vol,2015
"$1,300","ORO
ORObit",445,$0.000601,"2,164,151",Low Vol,2015
"$1,283","BOB
Dobbscoin",446,$0.000446,"2,874,300",Low Vol,2015
"$1,228","XCO
X-Coin",447,$0.000132,"9,289,325
*",Low Vol,2015
"$1,213","DTC
Datacoin",448,$0.000708,"1,713,492",Low Vol,2015
"$1,148","VC
VirtualCoin",449,$0.000672,"1,708,562",Low Vol,2015
"$1,145","XAU
Xaucoin",450,$0.000441,"2,599,686",Low Vol,2015
"$1,130","NEC
Neocoin",451,$0.000184,"6,150,310",Low Vol,2015
"$1,090","RT2
RotoCoin",452,$0.016715,"65,194",Low Vol,2015
"$1,065","HEX
Heisenberg",453,$8.5e-08,"12,473,553,843",Low Vol,2015
$983,"GUA
Guarany",454,$0.005132,"191,551",Low Vol,2015
$929,"PLC
Polcoin",455,$0.000053,"17,578,050",Low Vol,2015
$900,"$MINE
InstaMineNuggets",456,$0.000813,"1,107,402",Low Vol,2015
$811,"BNCR
Bancorcoin",457,$0.000148,"5,496,448",Low Vol,2015
$806,"AU
AurumCoin",458,$0.003724,"216,394",Low Vol,2015
$805,"CGA
Cryptographic...",459,$0.005014,"160,642",Low Vol,2015
$787,"HIRO
Hirocoin",460,$0.000009,"89,328,800",Low Vol,2015
$725,"TWIST
Twistercoin",461,$0.002217,"327,134
*",Low Vol,2015
$712,"XPL
RippleLite",462,$0.000007,"107,723,751",Low Vol,2015
$696,"ZIRK
ZirkCoin",463,$0.001387,"502,067
*",Low Vol,2015
$695,"MNTA
Moneta",464,$0.000042,"16,705,293
*",Low Vol,2015
$695,"CCC
Chococoin",465,$0.000115,"6,056,204",Low Vol,2015
$681,"KRN
Ekrona",466,$0.000128,"5,335,223",Low Vol,2015
$679,"UNAT
Unattainium",467,$0.010465,"64,932",Low Vol,2015
$636,"SOL
Solcoin",468,$0.000002,"288,748,286",Low Vol,2015
$472,"CYC
Conspiracycoin",469,$0.000082,"5,727,959",Low Vol,2015
$472,"LEA
LeaCoin",470,$0.000024,"20,015,999",Low Vol,2015
$458,"GRN
Granite",471,$0.000029,"16,002,400",Low Vol,2015
$394,"PFC
ProfitCoin",472,$0.001128,"348,871",Low Vol,2015
$367,"DP
DigitalPrice",473,$0.000101,"3,633,880
*",Low Vol,2015
$346,"KRYP
Kryptonite",474,$0.000033,"10,454,449",Low Vol,2015
$321,"MAC
Machinecoin",475,$0.000034,"9,433,981",Low Vol,2015
$304,"LIT
Lightcoin",476,$0.000059,"5,115,468",Low Vol,2015
$297,"BELA
Bela",477,$0.000048,"6,118,900",Low Vol,2015
$236,"SLFI
Selfiecoin",478,$0.000002,"107,829,281",Low Vol,2015
$169,"CETI
Cetuscoin",479,$0.000057,"2,938,881",Low Vol,2015
$143,"BDC
BollywoodCoin",480,$0.000073,"1,968,609
*",Low Vol,2015
$123,"MAL
MalibuCoin",481,$0.000077,"1,591,737
*",Low Vol,2015
$110,"URC
Unrealcoin",482,$0.000016,"7,024,402",Low Vol,2015
$85,"$MINEW
InstaMineNugg...",483,$0.000064,"1,329,560",Low Vol,2015
$78,"PEN
Pen",484,$0.000143,"542,668
*",Low Vol,2015
$75,"IPC
ImperialCoin",485,$0.000001,"53,052,000",Low Vol,2015
$75,"CZR
Czarcoin",486,$0.000002,"34,099,930",Low Vol,2015
$61,"DRS
Denarius",487,$0.000053,"1,148,800",Low Vol,2015
$55,"PXL
Phalanx",488,$0.000031,"1,779,401",Low Vol,2015
$52,"CFN
ConfessionCoin",489,$0.000050,"1,051,200",Low Vol,2015
$51,"DON
Donationcoin",490,$0.000011,"4,607,050",Low Vol,2015
$37,"ACH
ach",491,$0.000044,"837,627
*",Low Vol,2015
$35,"VOYA
Voyacoin",492,$0.000321,"110,401",Low Vol,2015
$34,"XTR
ExtractCoin",493,$0.000022,"1,569,400",Low Vol,2015
$27,"$MINEZ
InstaMineNugg...",494,$0.000022,"1,230,975",Low Vol,2015
$16,"CORG
CorgiCoin",495,$1.8e-10,"90,191,202,249
*",Low Vol,2015
$1,"RISK
RiskCoin",496,$0.001101,"1,342",Low Vol,2015
?,"XAUR
Xaurum",497,$63.32,"?
*","$6,085",2015
?,"66
66 Coin",498,$29.66,?,Low Vol,2015
?,"DUCK
DuckDuckCoin",499,$4.47,?,Low Vol,2015
?,"UNC
UNCoin",500,$0.751770,"?
*",Low Vol,2015
?,"TP1
KolschCoin",501,$0.412012,?,Low Vol,2015
?,"CRY
CRYcoin",502,$0.127234,"?
*",Low Vol,2015
?,"GRID
GridPay",503,$0.102861,"?
*",$609,2015
?,"SLING
Sling",504,$0.093859,"?
*","$32,746",2015
?,"SAK
Sharkcoin",505,$0.085060,?,Low Vol,2015
?,"007
007Coin",506,$0.026851,"?
*","$1,665",2015
?,"XRC
RhinoCoin",507,$0.019140,"?
*",Low Vol,2015
?,"BCENT
BitCent",508,$0.007415,?,Low Vol,2015
?,"XSEED
BitSeeds",509,$0.007060,?,"$1,757",2015
?,"MIL
MillenniumCoin",510,$0.004846,"?
*",Low Vol,2015
?,"VTR
vTorrent",511,$0.003590,?,Low Vol,2015
?,"BCR
Bitcredits",512,$0.003165,?,Low Vol,2015
?,"MCZ
MangoCoinz",513,$0.001790,?,Low Vol,2015
?,"LAB
Coinworkscoin",514,$0.001128,?,Low Vol,2015
?,"FSC2
FriendshipCoin 2",515,$0.001099,"?
*",Low Vol,2015
?,"XPB
Pebblecoin",516,$0.001090,?,Low Vol,2015
?,"CRC
CraftCoin",517,$0.001077,?,Low Vol,2015
?,"MYST
MysteryCoin",518,$0.000630,"?
*",Low Vol,2015
?,"BTE
Bytecoin",519,$0.000601,?,Low Vol,2015
?,"DT
DarkToken",520,$0.000525,"?
*",Low Vol,2015
?,"CNC
CHNCoin",521,$0.000420,?,Low Vol,2015
?,"AGS
Aegis",522,$0.000385,"?
*",Low Vol,2015
?,"NBL
Nibble",523,$0.000314,?,Low Vol,2015
?,"QUIT
QuitDough",524,$0.000235,?,Low Vol,2015
?,"HUGE
BigCoin",525,$0.000217,?,"$5,564",2015
?,"SSV
SSVCoin",526,$0.000206,?,Low Vol,2015
?,"AMC
AmericanCoin",527,$0.000164,?,Low Vol,2015
?,"PLANET
PlanetCoin",528,$0.000146,"?
*",Low Vol,2015
?,"TGC
Tigercoin",529,$0.000133,?,Low Vol,2015
?,"NAN
NanoToken",530,$0.000105,?,Low Vol,2015
?,"EZC
EZCoin",531,$0.000103,?,Low Vol,2015
?,"ALF
AlphaCoin",532,$0.000095,?,Low Vol,2015
?,"CNO
Coin(O)",533,$0.000032,?,Low Vol,2015
?,"STR
StarCoin",534,$0.000031,?,Low Vol,2015
?,"DOT
Dotcoin",535,$0.000029,"?
*",Low Vol,2015
?,"MEM
Memecoin",536,$0.000024,?,Low Vol,2015
?,"MOTO
Motocoin",537,$0.000024,?,Low Vol,2015
?,"ELP
ElephantCoin",538,$0.000011,?,Low Vol,2015
?,"POW
POWCOIN",539,$0.000006,?,Low Vol,2015
?,"GME
GameCoin",540,$0.000005,?,Low Vol,2015
?,"XNC
XenCoin",541,$0.000003,?,Low Vol,2015
?,"BTMI
Bitmiles",542,$0.000002,?,Low Vol,2015
?,"ECASH
E-Money",543,$0.000002,"?
*",Low Vol,2015
?,"NBE
BitCentavo",544,$6.5e-08,?,Low Vol,2015
?,"CENT
Pennies",545,$1.3e-09,?,Low Vol,2015
